;Round;Pruning Percentage;Avg Test Accuracy (with training);Min Test Accuracy (with training);Max Test Accuracy (with training);Avg Time (min);Min Time (min);Max Time (min);Avg Final Training Loss;Min Final Training Loss;Max Final Training Loss
0;Initial model;0.0;97.52666666666666;97.43;97.64;1.0840834935506185;1.0386634866396587;1.1564252853393555;0.05869183637043263;0.058013158489732035;0.059589932240704274
1;Round 1;;;;;;;;;;
2;Round 2;;;;;;;;;;
3;Round 3;;;;;;;;;;
4;Round 4;;;;;;;;;;
5;Round 5;;;;;;;;;;
6;Round 6;;;;;;;;;;
7;Round 7;;;;;;;;;;
8;Round 8;;;;;;;;;;
9;Round 9;;;;;;;;;;
10;Round 10;;;;;;;;;;
11;One_shot;;;;;;;;;;
